epoch,time_of_day,class_name,precision,recall,f1,ap50,ap50_95
1,day,bike,0.6012,0.397,0.4782,0.4517,0.2425
1,day,bus,0.7364,0.441,0.5516,0.4843,0.3845
1,day,car,0.7716,0.6938,0.7306,0.7466,0.4823
1,day,motor,0.7931,0.2595,0.3911,0.3883,0.2294
1,day,person,0.6662,0.5718,0.6154,0.6088,0.3205
1,day,rider,0.6004,0.3472,0.4399,0.3518,0.2246
1,day,traffic light,0.7196,0.4069,0.5199,0.4941,0.1993
1,day,traffic sign,0.7151,0.4206,0.5297,0.5057,0.2761
1,day,truck,0.5685,0.542,0.5549,0.5211,0.3832
1,night,bike,0.4602,0.5119,0.4847,0.4584,0.2597
1,night,bus,0.7001,0.3889,0.5,0.4122,0.322
1,night,car,0.6711,0.652,0.6614,0.6948,0.3937
1,night,motor,0.8775,0.25,0.3891,0.3358,0.1627
1,night,person,0.6343,0.5228,0.5732,0.5624,0.2795
1,night,rider,0.6948,0.3944,0.5031,0.4179,0.2258
1,night,traffic light,0.6401,0.4094,0.4994,0.444,0.1353
1,night,traffic sign,0.7319,0.476,0.5769,0.5793,0.3079
1,night,truck,0.6133,0.4807,0.539,0.4638,0.3371
2,day,bike,0.5144,0.427,0.4667,0.4254,0.2302
2,day,bus,0.6782,0.3884,0.4939,0.4324,0.3481
2,day,car,0.7548,0.693,0.7226,0.7383,0.4783
2,day,motor,0.7333,0.3148,0.4405,0.3733,0.1838
2,day,person,0.7498,0.5008,0.6005,0.5906,0.3066
2,day,rider,0.5602,0.3366,0.4205,0.3717,0.2107
2,day,traffic light,0.6494,0.4629,0.5405,0.5051,0.2084
2,day,traffic sign,0.5359,0.5561,0.5458,0.5331,0.2873
2,day,truck,0.621,0.4477,0.5203,0.475,0.3421
2,night,bike,0.4758,0.4643,0.47,0.4092,0.2189
2,night,bus,0.5378,0.4568,0.494,0.388,0.2985
2,night,car,0.7036,0.6429,0.6719,0.6986,0.3963
2,night,motor,0.4911,0.2229,0.3066,0.2309,0.1322
2,night,person,0.7236,0.4247,0.5352,0.5301,0.259
2,night,rider,0.5977,0.3662,0.4542,0.3769,0.1905
2,night,traffic light,0.5976,0.4629,0.5217,0.4672,0.148
2,night,traffic sign,0.6082,0.5883,0.5981,0.5993,0.3127
2,night,truck,0.6704,0.3698,0.4766,0.4155,0.2905
3,day,bike,0.6232,0.3296,0.4312,0.3877,0.1904
3,day,bus,0.7539,0.3499,0.478,0.4214,0.3278
3,day,car,0.742,0.6908,0.7155,0.7326,0.4681
3,day,motor,0.5072,0.2519,0.3366,0.2866,0.141
3,day,person,0.7848,0.4578,0.5783,0.5671,0.2878
3,day,rider,0.6515,0.2798,0.3915,0.332,0.1868
3,day,traffic light,0.6587,0.4695,0.5483,0.5069,0.2061
3,day,traffic sign,0.5703,0.5396,0.5545,0.5278,0.2765
3,day,truck,0.5938,0.4526,0.5137,0.4514,0.3181
3,night,bike,0.5983,0.3725,0.4591,0.4274,0.21
3,night,bus,0.5854,0.3661,0.4505,0.3819,0.2937
3,night,car,0.6711,0.6577,0.6643,0.6931,0.3913
3,night,motor,0.5711,0.3073,0.3996,0.2846,0.1192
3,night,person,0.7293,0.3968,0.514,0.5066,0.2404
3,night,rider,0.6159,0.3239,0.4246,0.3429,0.1726
3,night,traffic light,0.5704,0.5022,0.5341,0.4594,0.1423
3,night,traffic sign,0.5956,0.5968,0.5962,0.5943,0.3076
3,night,truck,0.5656,0.4268,0.4865,0.4028,0.279
4,day,bike,0.8674,0.1862,0.3066,0.3433,0.1791
4,day,bus,0.5297,0.3954,0.4528,0.3731,0.2886
4,day,car,0.7278,0.6948,0.7109,0.7269,0.4632
4,day,motor,0.54,0.2672,0.3575,0.2879,0.1363
4,day,person,0.6441,0.5247,0.5783,0.5522,0.2746
4,day,rider,0.5852,0.2642,0.3641,0.2809,0.1441
4,day,traffic light,0.6505,0.4904,0.5592,0.5253,0.214
4,day,traffic sign,0.5851,0.5296,0.556,0.5339,0.274
4,day,truck,0.4814,0.4328,0.4558,0.3816,0.2606
4,night,bike,0.8099,0.2143,0.3389,0.3269,0.1819
4,night,bus,0.5141,0.4259,0.4659,0.3771,0.2696
4,night,car,0.6051,0.6947,0.6468,0.6962,0.3909
4,night,motor,0.3279,0.1538,0.2094,0.1754,0.0938
4,night,person,0.583,0.4859,0.5301,0.4915,0.2314
4,night,rider,0.448,0.2394,0.3121,0.2672,0.1385
4,night,traffic light,0.5821,0.5186,0.5485,0.486,0.1552
4,night,traffic sign,0.5603,0.6219,0.5895,0.6041,0.3085
4,night,truck,0.4167,0.4293,0.4229,0.3642,0.2454
5,day,bike,0.6024,0.3594,0.4502,0.4031,0.2005
5,day,bus,0.7305,0.3437,0.4675,0.4115,0.3339
5,day,car,0.7094,0.7099,0.7096,0.738,0.4691
5,day,motor,0.606,0.27,0.3736,0.3207,0.1647
5,day,person,0.7103,0.5103,0.5939,0.5647,0.2807
5,day,rider,0.6806,0.254,0.3699,0.3238,0.1925
5,day,traffic light,0.6934,0.478,0.5659,0.5312,0.2188
5,day,traffic sign,0.6827,0.5008,0.5778,0.5477,0.2838
5,day,truck,0.6064,0.4683,0.5284,0.4599,0.3328
5,night,bike,0.4952,0.4405,0.4662,0.4107,0.2182
5,night,bus,0.6135,0.3919,0.4783,0.3904,0.2892
5,night,car,0.5613,0.7136,0.6283,0.6999,0.3956
5,night,motor,0.4537,0.2308,0.3059,0.2064,0.1077
5,night,person,0.5839,0.5099,0.5444,0.5225,0.2451
5,night,rider,0.4025,0.2254,0.2889,0.2284,0.1061
5,night,traffic light,0.6008,0.5064,0.5496,0.4869,0.1567
5,night,traffic sign,0.6454,0.5942,0.6187,0.6148,0.3105
5,night,truck,0.5455,0.4874,0.5148,0.4533,0.3169
6,day,bike,0.7321,0.2918,0.4173,0.3598,0.1883
6,day,bus,0.5631,0.4224,0.4827,0.4125,0.3171
6,day,car,0.7401,0.7027,0.7209,0.7413,0.4735
6,day,motor,0.5451,0.2748,0.3654,0.2629,0.1387
6,day,person,0.605,0.5428,0.5722,0.552,0.2776
6,day,rider,0.5793,0.264,0.3627,0.2982,0.1701
6,day,traffic light,0.6754,0.4908,0.5685,0.5404,0.2193
6,day,traffic sign,0.6849,0.4953,0.5748,0.5525,0.2941
6,day,truck,0.6196,0.4337,0.5102,0.4587,0.3197
6,night,bike,0.5766,0.3243,0.4152,0.3854,0.1853
6,night,bus,0.4848,0.4198,0.4499,0.3609,0.2753
6,night,car,0.6948,0.6742,0.6843,0.7154,0.405
6,night,motor,0.4187,0.25,0.3131,0.2746,0.128
6,night,person,0.6044,0.5027,0.5489,0.5258,0.2481
6,night,rider,0.5167,0.2676,0.3526,0.2952,0.1583
6,night,traffic light,0.613,0.505,0.5538,0.4924,0.159
6,night,traffic sign,0.6923,0.5686,0.6244,0.6252,0.3264
6,night,truck,0.6244,0.4444,0.5193,0.4618,0.3229
7,day,bike,0.5406,0.3685,0.4383,0.3909,0.2026
7,day,bus,0.5955,0.4237,0.4951,0.432,0.3294
7,day,car,0.781,0.69,0.7326,0.751,0.4826
7,day,motor,0.5151,0.3435,0.4122,0.3308,0.175
7,day,person,0.6816,0.5161,0.5874,0.5686,0.2837
7,day,rider,0.6357,0.3523,0.4534,0.3791,0.2067
7,day,traffic light,0.7468,0.47,0.5769,0.5546,0.2293
7,day,traffic sign,0.6945,0.5002,0.5815,0.5638,0.3002
7,day,truck,0.6601,0.4575,0.5405,0.4986,0.3553
7,night,bike,0.543,0.4048,0.4638,0.4755,0.2633
7,night,bus,0.5546,0.4304,0.4847,0.3999,0.2917
7,night,car,0.7316,0.6512,0.6891,0.717,0.4066
7,night,motor,0.3618,0.3381,0.3496,0.3016,0.1452
7,night,person,0.6909,0.442,0.5391,0.5235,0.2469
7,night,rider,0.4869,0.3521,0.4087,0.2807,0.1271
7,night,traffic light,0.6811,0.4794,0.5627,0.518,0.1695
7,night,traffic sign,0.7172,0.5577,0.6275,0.6273,0.3276
7,night,truck,0.6694,0.4192,0.5156,0.4539,0.3162
8,day,bike,0.7265,0.2458,0.3673,0.3669,0.1892
8,day,bus,0.5142,0.4306,0.4687,0.3871,0.3137
8,day,car,0.7987,0.688,0.7392,0.7467,0.4785
8,day,motor,0.4611,0.2901,0.3561,0.291,0.1396
8,day,person,0.6959,0.5228,0.597,0.5781,0.2901
8,day,rider,0.696,0.261,0.3797,0.3313,0.1916
8,day,traffic light,0.7129,0.4938,0.5834,0.5509,0.2314
8,day,traffic sign,0.6799,0.519,0.5887,0.5614,0.2999
8,day,truck,0.5417,0.4757,0.5066,0.4657,0.333
8,night,bike,0.5959,0.2381,0.3402,0.3107,0.185
8,night,bus,0.371,0.4938,0.4237,0.3709,0.2693
8,night,car,0.7795,0.6357,0.7003,0.7154,0.4052
8,night,motor,0.502,0.2885,0.3664,0.2791,0.1458
8,night,person,0.6866,0.4417,0.5376,0.5266,0.2467
8,night,rider,0.7484,0.2096,0.3274,0.2673,0.1232
8,night,traffic light,0.6611,0.4933,0.565,0.5144,0.1665
8,night,traffic sign,0.7334,0.5425,0.6237,0.6203,0.3275
8,night,truck,0.5085,0.4899,0.499,0.4563,0.3251
9,day,bike,0.6059,0.3283,0.4259,0.3922,0.2089
9,day,bus,0.7754,0.3975,0.5256,0.459,0.3576
9,day,car,0.7862,0.7011,0.7412,0.7589,0.4896
9,day,motor,0.7286,0.2459,0.3677,0.2977,0.1515
9,day,person,0.5852,0.5902,0.5877,0.5923,0.2909
9,day,rider,0.7072,0.3254,0.4457,0.3736,0.2077
9,day,traffic light,0.6972,0.4901,0.5756,0.5575,0.2309
9,day,traffic sign,0.7279,0.4994,0.5924,0.5711,0.3062
9,day,truck,0.6446,0.4994,0.5628,0.5203,0.3702
9,night,bike,0.509,0.381,0.4358,0.4116,0.2298
9,night,bus,0.6247,0.3596,0.4564,0.3946,0.3043
9,night,car,0.6812,0.6892,0.6851,0.7255,0.4134
9,night,motor,0.576,0.1923,0.2883,0.2554,0.0998
9,night,person,0.4882,0.5717,0.5267,0.541,0.2512
9,night,rider,0.6307,0.3662,0.4634,0.3809,0.1894
9,night,traffic light,0.6128,0.5129,0.5584,0.5072,0.1672
9,night,traffic sign,0.6948,0.5767,0.6303,0.6285,0.3325
9,night,truck,0.5931,0.4848,0.5335,0.4934,0.3448
10,day,bike,0.6901,0.3452,0.4602,0.4066,0.2092
10,day,bus,0.6643,0.4219,0.5161,0.4521,0.3543
10,day,car,0.7397,0.727,0.7333,0.7636,0.4921
10,day,motor,0.348,0.3511,0.3496,0.2487,0.1177
10,day,person,0.706,0.5272,0.6036,0.5869,0.2974
10,day,rider,0.7065,0.3005,0.4217,0.3496,0.1889
10,day,traffic light,0.7138,0.5062,0.5923,0.5739,0.2378
10,day,traffic sign,0.7358,0.4914,0.5893,0.5755,0.3055
10,day,truck,0.624,0.4782,0.5414,0.4991,0.3568
10,night,bike,0.521,0.3571,0.4238,0.3499,0.1842
10,night,bus,0.6243,0.4383,0.515,0.4371,0.3251
10,night,car,0.639,0.718,0.6762,0.7301,0.4145
10,night,motor,0.2477,0.25,0.2489,0.1981,0.1033
10,night,person,0.6724,0.483,0.5622,0.5383,0.2564
10,night,rider,0.6586,0.3521,0.4589,0.3792,0.175
10,night,traffic light,0.6184,0.5386,0.5757,0.5276,0.174
10,night,traffic sign,0.7404,0.5637,0.6401,0.6474,0.3367
10,night,truck,0.6526,0.4848,0.5563,0.4942,0.3592
11,day,bike,0.722,0.3452,0.4671,0.4352,0.2175
11,day,bus,0.6841,0.3975,0.5029,0.4594,0.3586
11,day,car,0.7922,0.7003,0.7434,0.764,0.4918
11,day,motor,0.5617,0.4011,0.468,0.3536,0.1819
11,day,person,0.7425,0.49,0.5904,0.5809,0.2941
11,day,rider,0.5749,0.3713,0.4512,0.3879,0.2083
11,day,traffic light,0.7124,0.4988,0.5868,0.559,0.2315
11,day,traffic sign,0.6863,0.5335,0.6003,0.5784,0.3042
11,day,truck,0.5882,0.5135,0.5483,0.5103,0.3667
11,night,bike,0.5397,0.3452,0.4211,0.3708,0.2107
11,night,bus,0.5691,0.4815,0.5216,0.4688,0.3615
11,night,car,0.702,0.6841,0.6929,0.7309,0.4144
11,night,motor,0.4365,0.3269,0.3739,0.2804,0.1164
11,night,person,0.6934,0.4517,0.5471,0.538,0.2528
11,night,rider,0.4497,0.4225,0.4357,0.3315,0.1453
11,night,traffic light,0.6494,0.5106,0.5717,0.5144,0.1663
11,night,traffic sign,0.6469,0.6257,0.6362,0.642,0.3344
11,night,truck,0.585,0.4874,0.5317,0.4974,0.3494
12,day,bike,0.6967,0.363,0.4773,0.4363,0.2143
12,day,bus,0.6399,0.4451,0.525,0.487,0.3856
12,day,car,0.7756,0.7083,0.7404,0.7571,0.4902
12,day,motor,0.6095,0.3282,0.4267,0.346,0.1633
12,day,person,0.7147,0.523,0.604,0.5814,0.2937
12,day,rider,0.5728,0.3679,0.448,0.3889,0.2116
12,day,traffic light,0.6983,0.5352,0.606,0.5876,0.2436
12,day,traffic sign,0.6964,0.5341,0.6045,0.5866,0.3117
12,day,truck,0.6727,0.4828,0.5622,0.518,0.3752
12,night,bike,0.5596,0.4048,0.4697,0.4025,0.2247
12,night,bus,0.5278,0.4877,0.5069,0.4753,0.3613
12,night,car,0.7034,0.6922,0.6978,0.729,0.4167
12,night,motor,0.5444,0.2308,0.3241,0.2674,0.1178
12,night,person,0.7058,0.455,0.5533,0.529,0.2514
12,night,rider,0.5139,0.3723,0.4318,0.3474,0.1531
12,night,traffic light,0.6313,0.5472,0.5863,0.5399,0.1772
12,night,traffic sign,0.6899,0.6024,0.6432,0.6524,0.3435
12,night,truck,0.655,0.4495,0.5331,0.4973,0.3507
13,day,bike,0.768,0.3181,0.4499,0.4372,0.2279
13,day,bus,0.7524,0.434,0.5505,0.4833,0.3791
13,day,car,0.7887,0.7055,0.7448,0.7644,0.4924
13,day,motor,0.6278,0.2977,0.4039,0.3284,0.1553
13,day,person,0.6231,0.5733,0.5972,0.5913,0.2919
13,day,rider,0.7415,0.3316,0.4583,0.3699,0.2165
13,day,traffic light,0.684,0.5318,0.5983,0.574,0.2349
13,day,traffic sign,0.6965,0.5352,0.6053,0.5874,0.3132
13,day,truck,0.5934,0.5293,0.5595,0.5247,0.3752
13,night,bike,0.6428,0.3642,0.465,0.4384,0.2341
13,night,bus,0.6579,0.4444,0.5305,0.4586,0.3425
13,night,car,0.6939,0.691,0.6924,0.7291,0.4132
13,night,motor,0.6766,0.3077,0.423,0.3256,0.1322
13,night,person,0.6377,0.4979,0.5592,0.5437,0.2569
13,night,rider,0.6237,0.3736,0.4673,0.3507,0.1567
13,night,traffic light,0.6319,0.5298,0.5764,0.5237,0.1739
13,night,traffic sign,0.7127,0.5978,0.6502,0.6603,0.3474
13,night,truck,0.6171,0.468,0.5323,0.483,0.3409
14,day,bike,0.555,0.4021,0.4664,0.4311,0.2299
14,day,bus,0.6098,0.4845,0.5399,0.4945,0.3919
14,day,car,0.7557,0.7248,0.7399,0.7681,0.4955
14,day,motor,0.5682,0.211,0.3077,0.2592,0.1415
14,day,person,0.6894,0.5275,0.5977,0.5862,0.2988
14,day,rider,0.7186,0.3057,0.4289,0.3795,0.2126
14,day,traffic light,0.7049,0.5325,0.6067,0.5789,0.238
14,day,traffic sign,0.6654,0.5575,0.6067,0.5875,0.3136
14,day,truck,0.5919,0.5169,0.5519,0.5262,0.3783
14,night,bike,0.5012,0.5,0.5006,0.4538,0.2505
14,night,bus,0.5756,0.5608,0.5681,0.5045,0.3788
14,night,car,0.6816,0.7011,0.6912,0.7334,0.4183
14,night,motor,0.7659,0.189,0.3032,0.2505,0.1214
14,night,person,0.6517,0.502,0.5671,0.5487,0.2625
14,night,rider,0.6459,0.3803,0.4787,0.38,0.194
14,night,traffic light,0.6687,0.4908,0.5661,0.5283,0.1731
14,night,traffic sign,0.7187,0.5974,0.6525,0.6604,0.348
14,night,truck,0.6276,0.4894,0.55,0.4913,0.3491
15,day,bike,0.519,0.4164,0.4621,0.4243,0.2224
15,day,bus,0.6608,0.488,0.5614,0.513,0.4065
15,day,car,0.7767,0.7186,0.7465,0.7654,0.4964
15,day,motor,0.604,0.313,0.4123,0.3489,0.1788
15,day,person,0.6993,0.5336,0.6053,0.5957,0.3093
15,day,rider,0.6567,0.3627,0.4673,0.418,0.2269
15,day,traffic light,0.7247,0.5184,0.6045,0.5829,0.2444
15,day,traffic sign,0.7023,0.5342,0.6068,0.5945,0.3175
15,day,truck,0.643,0.5359,0.5846,0.5409,0.3819
15,night,bike,0.4885,0.5238,0.5055,0.4653,0.2611
15,night,bus,0.7202,0.4568,0.559,0.4908,0.3751
15,night,car,0.71,0.692,0.7009,0.7303,0.4164
15,night,motor,0.5997,0.25,0.3529,0.298,0.13
15,night,person,0.7092,0.4739,0.5681,0.5603,0.27
15,night,rider,0.4942,0.3854,0.4331,0.3938,0.1889
15,night,traffic light,0.6668,0.5167,0.5822,0.5345,0.1797
15,night,traffic sign,0.7062,0.6044,0.6514,0.6589,0.3493
15,night,truck,0.6445,0.4343,0.519,0.4751,0.3392
16,day,bike,0.7229,0.3529,0.4743,0.4557,0.2355
16,day,bus,0.6222,0.4808,0.5424,0.4999,0.3977
16,day,car,0.8033,0.7079,0.7526,0.771,0.5005
16,day,motor,0.5695,0.4122,0.4783,0.3786,0.181
16,day,person,0.7532,0.5172,0.6133,0.5927,0.3022
16,day,rider,0.6733,0.3523,0.4626,0.4061,0.2092
16,day,traffic light,0.7701,0.5015,0.6075,0.603,0.2538
16,day,traffic sign,0.6942,0.5407,0.6079,0.5942,0.3162
16,day,truck,0.6325,0.5227,0.5724,0.5368,0.382
16,night,bike,0.6067,0.4048,0.4856,0.4129,0.2418
16,night,bus,0.621,0.4568,0.5264,0.4914,0.3821
16,night,car,0.7651,0.6687,0.7136,0.7382,0.4234
16,night,motor,0.625,0.3527,0.4509,0.3484,0.1709
16,night,person,0.739,0.4651,0.5709,0.5539,0.2641
16,night,rider,0.5607,0.3521,0.4326,0.3939,0.1939
16,night,traffic light,0.6993,0.4783,0.5681,0.544,0.1824
16,night,traffic sign,0.7318,0.5836,0.6493,0.6624,0.3488
16,night,truck,0.5931,0.4672,0.5227,0.4918,0.3559
17,day,bike,0.7,0.3405,0.4581,0.4133,0.2192
17,day,bus,0.7089,0.4493,0.55,0.496,0.3935
17,day,car,0.7477,0.7358,0.7417,0.7742,0.5014
17,day,motor,0.4929,0.3282,0.3941,0.2921,0.1497
17,day,person,0.6882,0.5461,0.609,0.5948,0.3059
17,day,rider,0.8386,0.2693,0.4077,0.3588,0.2006
17,day,traffic light,0.7179,0.5267,0.6076,0.5933,0.2491
17,day,traffic sign,0.7158,0.5359,0.613,0.6014,0.3244
17,day,truck,0.6543,0.5087,0.5724,0.5364,0.3823
17,night,bike,0.5912,0.4048,0.4805,0.413,0.2186
17,night,bus,0.6304,0.4259,0.5084,0.4498,0.3392
17,night,car,0.6965,0.7052,0.7008,0.7405,0.4227
17,night,motor,0.5618,0.2885,0.3812,0.2958,0.1229
17,night,person,0.6728,0.4779,0.5588,0.5415,0.2573
17,night,rider,0.7259,0.3521,0.4742,0.4169,0.1875
17,night,traffic light,0.6627,0.5001,0.57,0.5398,0.1837
17,night,traffic sign,0.7432,0.5868,0.6558,0.6679,0.3524
17,night,truck,0.6289,0.4835,0.5467,0.4927,0.3541
18,day,bike,0.639,0.3915,0.4855,0.4447,0.232
18,day,bus,0.7397,0.4348,0.5477,0.4742,0.3793
18,day,car,0.8025,0.7146,0.756,0.7735,0.5039
18,day,motor,0.5746,0.3206,0.4116,0.3551,0.1775
18,day,person,0.712,0.5269,0.6056,0.5961,0.304
18,day,rider,0.7157,0.3834,0.4993,0.4148,0.2319
18,day,traffic light,0.7528,0.5229,0.6171,0.5989,0.2519
18,day,traffic sign,0.7124,0.5296,0.6076,0.5921,0.321
18,day,truck,0.6006,0.5548,0.5768,0.536,0.3883
18,night,bike,0.5138,0.4643,0.4878,0.4377,0.2431
18,night,bus,0.6362,0.3951,0.4874,0.4291,0.3401
18,night,car,0.7322,0.6853,0.7079,0.737,0.4239
18,night,motor,0.6173,0.3077,0.4107,0.3704,0.1719
18,night,person,0.6551,0.4879,0.5593,0.5425,0.2559
18,night,rider,0.6572,0.3511,0.4577,0.3548,0.1691
18,night,traffic light,0.6704,0.5157,0.583,0.5513,0.1869
18,night,traffic sign,0.7199,0.5933,0.6505,0.6597,0.3498
18,night,truck,0.5577,0.5152,0.5356,0.4915,0.3463
19,day,bike,0.6707,0.3696,0.4766,0.4386,0.2374
19,day,bus,0.6724,0.4803,0.5604,0.5125,0.3989
19,day,car,0.8177,0.6985,0.7534,0.7748,0.5036
19,day,motor,0.5829,0.3307,0.422,0.3718,0.2083
19,day,person,0.6588,0.5491,0.599,0.5876,0.3014
19,day,rider,0.7407,0.3627,0.4869,0.4307,0.2344
19,day,traffic light,0.7286,0.5251,0.6103,0.5976,0.2504
19,day,traffic sign,0.6981,0.5436,0.6112,0.5983,0.3234
19,day,truck,0.6079,0.535,0.5691,0.5441,0.3934
19,night,bike,0.6186,0.4054,0.4898,0.4388,0.2534
19,night,bus,0.5329,0.463,0.4955,0.4637,0.3536
19,night,car,0.7802,0.6562,0.7129,0.737,0.424
19,night,motor,0.6263,0.3077,0.4126,0.4018,0.1926
19,night,person,0.6512,0.4973,0.564,0.5411,0.2595
19,night,rider,0.6351,0.3944,0.4866,0.4352,0.2156
19,night,traffic light,0.6878,0.4954,0.5759,0.5432,0.1808
19,night,traffic sign,0.7178,0.5902,0.6478,0.6586,0.3511
19,night,truck,0.6481,0.4722,0.5464,0.4897,0.3471
20,day,bike,0.6564,0.3523,0.4585,0.432,0.2381
20,day,bus,0.6889,0.3934,0.5008,0.4458,0.3636
20,day,car,0.8071,0.7076,0.7541,0.7691,0.5015
20,day,motor,0.6386,0.3507,0.4527,0.384,0.192
20,day,person,0.7463,0.5219,0.6143,0.6026,0.3103
20,day,rider,0.6659,0.3679,0.4739,0.4115,0.2248
20,day,traffic light,0.6907,0.5551,0.6155,0.5942,0.2489
20,day,traffic sign,0.7138,0.5405,0.6152,0.5955,0.3199
20,day,truck,0.5858,0.5499,0.5672,0.548,0.4
20,night,bike,0.5515,0.3806,0.4503,0.4244,0.224
20,night,bus,0.6587,0.4051,0.5017,0.4309,0.3391
20,night,car,0.7333,0.6888,0.7103,0.7321,0.4198
20,night,motor,0.6448,0.3269,0.4339,0.3556,0.1509
20,night,person,0.7238,0.4591,0.5618,0.5526,0.2685
20,night,rider,0.6141,0.3803,0.4697,0.4156,0.2041
20,night,traffic light,0.6536,0.5341,0.5879,0.5333,0.1789
20,night,traffic sign,0.7345,0.5923,0.6558,0.6583,0.3495
20,night,truck,0.562,0.5126,0.5362,0.4912,0.3535
21,day,bike,0.5409,0.4025,0.4616,0.4293,0.2198
21,day,bus,0.7012,0.4265,0.5304,0.4958,0.3921
21,day,car,0.807,0.7103,0.7555,0.7757,0.505
21,day,motor,0.5782,0.3588,0.4428,0.3698,0.1836
21,day,person,0.7123,0.548,0.6195,0.6038,0.3088
21,day,rider,0.6129,0.3834,0.4717,0.4036,0.2185
21,day,traffic light,0.7304,0.5417,0.622,0.6033,0.2534
21,day,traffic sign,0.6877,0.5638,0.6196,0.5971,0.3184
21,day,truck,0.6242,0.5243,0.5699,0.5466,0.3961
21,night,bike,0.5376,0.4524,0.4913,0.4758,0.2546
21,night,bus,0.7017,0.4356,0.5375,0.4985,0.387
21,night,car,0.7534,0.6734,0.7112,0.7403,0.4257
21,night,motor,0.697,0.2885,0.408,0.3212,0.1525
21,night,person,0.7322,0.4747,0.576,0.5496,0.2598
21,night,rider,0.5169,0.3662,0.4287,0.3884,0.1832
21,night,traffic light,0.6756,0.5186,0.5868,0.5475,0.1848
21,night,traffic sign,0.7269,0.6022,0.6587,0.663,0.3514
21,night,truck,0.6686,0.4621,0.5465,0.5024,0.3617
22,day,bike,0.6665,0.3523,0.461,0.4529,0.2276
22,day,bus,0.6686,0.4803,0.559,0.5127,0.4027
22,day,car,0.8163,0.7107,0.7599,0.7786,0.5061
22,day,motor,0.6107,0.4122,0.4922,0.3912,0.1765
22,day,person,0.718,0.55,0.6229,0.6091,0.3112
22,day,rider,0.6946,0.3575,0.472,0.4028,0.2153
22,day,traffic light,0.7525,0.5259,0.6191,0.6003,0.2517
22,day,traffic sign,0.6948,0.5497,0.6138,0.6009,0.3227
22,day,truck,0.631,0.4962,0.5555,0.5132,0.3771
22,night,bike,0.5601,0.4524,0.5005,0.4518,0.2382
22,night,bus,0.5875,0.4924,0.5357,0.4836,0.3642
22,night,car,0.6812,0.7131,0.6968,0.736,0.422
22,night,motor,0.4812,0.3269,0.3893,0.326,0.163
22,night,person,0.6029,0.5389,0.5691,0.5564,0.2689
22,night,rider,0.5548,0.3944,0.461,0.4467,0.1967
22,night,traffic light,0.6341,0.554,0.5913,0.5427,0.1817
22,night,traffic sign,0.6742,0.6387,0.6559,0.665,0.3543
22,night,truck,0.6073,0.4765,0.534,0.4657,0.336
23,day,bike,0.5819,0.395,0.4706,0.465,0.2392
23,day,bus,0.721,0.4803,0.5765,0.533,0.4163
23,day,car,0.7909,0.7327,0.7607,0.7875,0.5162
23,day,motor,0.6169,0.3969,0.4831,0.4342,0.2115
23,day,person,0.6911,0.5733,0.6267,0.6183,0.3199
23,day,rider,0.7035,0.3688,0.4839,0.432,0.2262
23,day,traffic light,0.7239,0.5658,0.6352,0.625,0.2641
23,day,traffic sign,0.6955,0.5714,0.6273,0.6154,0.3333
23,day,truck,0.6155,0.5367,0.5734,0.55,0.4028
23,night,bike,0.4987,0.4855,0.492,0.4524,0.251
23,night,bus,0.5806,0.4529,0.5089,0.4764,0.3693
23,night,car,0.6998,0.7183,0.7089,0.7493,0.4327
23,night,motor,0.6049,0.3462,0.4403,0.3763,0.1681
23,night,person,0.6583,0.5201,0.5811,0.5697,0.275
23,night,rider,0.5409,0.4149,0.4696,0.4321,0.2195
23,night,traffic light,0.6418,0.5687,0.603,0.561,0.1917
23,night,traffic sign,0.6938,0.6444,0.6682,0.6784,0.3639
23,night,truck,0.6245,0.5124,0.5629,0.5092,0.3698
24,day,bike,0.5516,0.4027,0.4655,0.4659,0.2328
24,day,bus,0.6957,0.4922,0.5765,0.5389,0.4225
24,day,car,0.7938,0.7342,0.7628,0.7878,0.5161
24,day,motor,0.6086,0.4122,0.4915,0.4079,0.1954
24,day,person,0.6799,0.578,0.6248,0.6164,0.3196
24,day,rider,0.7236,0.3798,0.4981,0.4415,0.2336
24,day,traffic light,0.723,0.5693,0.637,0.6251,0.2645
24,day,traffic sign,0.6943,0.5743,0.6286,0.6157,0.3336
24,day,truck,0.6163,0.5433,0.5775,0.5556,0.4044
24,night,bike,0.5887,0.4881,0.5337,0.4674,0.2505
24,night,bus,0.6023,0.4394,0.5081,0.4747,0.3689
24,night,car,0.7673,0.6822,0.7223,0.7485,0.4325
24,night,motor,0.6931,0.3654,0.4785,0.3873,0.1863
24,night,person,0.7146,0.5017,0.5895,0.5715,0.2785
24,night,rider,0.6358,0.418,0.5044,0.4345,0.2243
24,night,traffic light,0.6962,0.5163,0.5929,0.5633,0.1924
24,night,traffic sign,0.7501,0.5948,0.6635,0.6784,0.3627
24,night,truck,0.6354,0.4874,0.5516,0.5012,0.3624
25,day,bike,0.5765,0.395,0.4688,0.458,0.2375
25,day,bus,0.697,0.499,0.5816,0.5332,0.4203
25,day,car,0.8008,0.7306,0.7641,0.7881,0.5174
25,day,motor,0.6562,0.3934,0.4919,0.4207,0.2013
25,day,person,0.6788,0.585,0.6284,0.6173,0.3196
25,day,rider,0.7457,0.3731,0.4973,0.4424,0.2374
25,day,traffic light,0.718,0.577,0.6398,0.6298,0.2661
25,day,traffic sign,0.7017,0.5684,0.628,0.6152,0.333
25,day,truck,0.6281,0.5449,0.5836,0.5596,0.4082
25,night,bike,0.569,0.4762,0.5185,0.458,0.2441
25,night,bus,0.6009,0.4753,0.5308,0.4841,0.3825
25,night,car,0.7575,0.69,0.7222,0.7496,0.4329
25,night,motor,0.6252,0.3462,0.4456,0.3931,0.1827
25,night,person,0.6958,0.5059,0.5859,0.5697,0.2781
25,night,rider,0.6295,0.3803,0.4741,0.4421,0.2337
25,night,traffic light,0.6845,0.5316,0.5984,0.5654,0.1927
25,night,traffic sign,0.7397,0.6086,0.6678,0.6817,0.3652
25,night,truck,0.6691,0.4798,0.5588,0.5079,0.3726
26,day,bike,0.6347,0.3772,0.4732,0.4575,0.2346
26,day,bus,0.6827,0.5031,0.5793,0.538,0.4219
26,day,car,0.8231,0.721,0.7687,0.7895,0.5171
26,day,motor,0.6702,0.3588,0.4674,0.4056,0.2015
26,day,person,0.7094,0.5683,0.631,0.6157,0.319
26,day,rider,0.7654,0.3679,0.4969,0.4354,0.2306
26,day,traffic light,0.7545,0.5505,0.6366,0.6262,0.2638
26,day,traffic sign,0.7289,0.5499,0.6269,0.6172,0.3337
26,day,truck,0.6448,0.5128,0.5712,0.5531,0.4078
26,night,bike,0.5842,0.4405,0.5023,0.4546,0.2481
26,night,bus,0.5954,0.4725,0.5269,0.4756,0.3722
26,night,car,0.7486,0.6937,0.7201,0.7511,0.4324
26,night,motor,0.6203,0.3269,0.4282,0.3536,0.1668
26,night,person,0.6959,0.5094,0.5882,0.5717,0.2773
26,night,rider,0.6314,0.3944,0.4855,0.4284,0.2251
26,night,traffic light,0.6838,0.5321,0.5984,0.5665,0.1934
26,night,traffic sign,0.7356,0.608,0.6657,0.6799,0.3632
26,night,truck,0.6488,0.4823,0.5533,0.4926,0.3591
27,day,bike,0.5943,0.4164,0.4897,0.4557,0.2314
27,day,bus,0.6805,0.501,0.5772,0.5316,0.4157
27,day,car,0.799,0.7324,0.7643,0.7889,0.5172
27,day,motor,0.6068,0.4046,0.4855,0.4111,0.202
27,day,person,0.7067,0.5686,0.6302,0.615,0.3196
27,day,rider,0.7348,0.3732,0.495,0.4362,0.2289
27,day,traffic light,0.7561,0.5509,0.6374,0.6299,0.2662
27,day,traffic sign,0.704,0.5652,0.627,0.6164,0.3341
27,day,truck,0.6412,0.5235,0.5764,0.5506,0.4071
27,night,bike,0.5604,0.5,0.5285,0.4569,0.2476
27,night,bus,0.5812,0.4753,0.523,0.478,0.3748
27,night,car,0.7332,0.7011,0.7168,0.7502,0.4333
27,night,motor,0.5884,0.3849,0.4654,0.3833,0.1799
27,night,person,0.6971,0.5121,0.5904,0.5699,0.2759
27,night,rider,0.6047,0.4085,0.4876,0.4336,0.2231
27,night,traffic light,0.6849,0.5355,0.601,0.5694,0.193
27,night,traffic sign,0.7198,0.6253,0.6693,0.6787,0.3634
27,night,truck,0.6628,0.4697,0.5498,0.4931,0.3624
28,day,bike,0.5979,0.4235,0.4958,0.4678,0.2365
28,day,bus,0.7082,0.4974,0.5844,0.5337,0.4185
28,day,car,0.8043,0.7313,0.7661,0.7889,0.5184
28,day,motor,0.6451,0.3588,0.4611,0.404,0.2053
28,day,person,0.705,0.5697,0.6302,0.6185,0.3205
28,day,rider,0.7506,0.3886,0.5121,0.4574,0.2342
28,day,traffic light,0.7377,0.5624,0.6383,0.6272,0.2667
28,day,traffic sign,0.7019,0.5716,0.6301,0.6191,0.3343
28,day,truck,0.616,0.5441,0.5778,0.5556,0.4081
28,night,bike,0.6218,0.5,0.5543,0.4597,0.2472
28,night,bus,0.62,0.4815,0.542,0.4842,0.3804
28,night,car,0.7449,0.697,0.7202,0.7504,0.4334
28,night,motor,0.5909,0.3057,0.4029,0.3623,0.1636
28,night,person,0.698,0.4956,0.5796,0.5676,0.2773
28,night,rider,0.6439,0.3803,0.4782,0.4218,0.2087
28,night,traffic light,0.6846,0.5359,0.6012,0.5683,0.1939
28,night,traffic sign,0.7234,0.621,0.6683,0.6828,0.3635
28,night,truck,0.6488,0.4823,0.5533,0.5022,0.3673
29,day,bike,0.6029,0.4093,0.4876,0.4527,0.2321
29,day,bus,0.689,0.5052,0.5829,0.5353,0.4223
29,day,car,0.8057,0.7325,0.7673,0.7898,0.5182
29,day,motor,0.643,0.3664,0.4668,0.4173,0.2067
29,day,person,0.6909,0.5775,0.6291,0.6159,0.3192
29,day,rider,0.7396,0.3679,0.4914,0.4445,0.233
29,day,traffic light,0.7353,0.5597,0.6356,0.6261,0.2651
29,day,traffic sign,0.7116,0.5639,0.6292,0.6181,0.3339
29,day,truck,0.6308,0.5408,0.5824,0.5614,0.4111
29,night,bike,0.6132,0.4881,0.5435,0.4671,0.2591
29,night,bus,0.5814,0.463,0.5155,0.4694,0.365
29,night,car,0.7458,0.6976,0.7209,0.7511,0.433
29,night,motor,0.6013,0.3077,0.4071,0.3553,0.1645
29,night,person,0.6776,0.5147,0.5851,0.5691,0.2765
29,night,rider,0.669,0.3944,0.4962,0.4379,0.2195
29,night,traffic light,0.6798,0.5385,0.6009,0.5682,0.194
29,night,traffic sign,0.732,0.6148,0.6683,0.6822,0.3638
29,night,truck,0.6228,0.4878,0.5471,0.5058,0.3717
30,day,bike,0.6248,0.3971,0.4856,0.462,0.2362
30,day,bus,0.7384,0.4741,0.5775,0.5315,0.4177
30,day,car,0.8264,0.7219,0.7706,0.7902,0.518
30,day,motor,0.7018,0.3588,0.4748,0.4077,0.2052
30,day,person,0.7203,0.5583,0.629,0.6171,0.3188
30,day,rider,0.7559,0.3679,0.4949,0.4424,0.2322
30,day,traffic light,0.7744,0.5359,0.6335,0.6277,0.2656
30,day,traffic sign,0.7254,0.5525,0.6272,0.6176,0.3337
30,day,truck,0.6481,0.5251,0.5802,0.5561,0.4085
30,night,bike,0.577,0.4881,0.5288,0.4705,0.2523
30,night,bus,0.5891,0.4568,0.5146,0.4777,0.3704
30,night,car,0.7258,0.7053,0.7154,0.75,0.4323
30,night,motor,0.6317,0.3269,0.4309,0.363,0.1708
30,night,person,0.68,0.5168,0.5873,0.5704,0.2765
30,night,rider,0.6257,0.4003,0.4883,0.4313,0.2196
30,night,traffic light,0.6742,0.5434,0.6017,0.5671,0.1941
30,night,traffic sign,0.7166,0.6315,0.6714,0.6821,0.3643
30,night,truck,0.6422,0.476,0.5467,0.4975,0.3617
31,day,bike,0.6197,0.3943,0.482,0.457,0.2342
31,day,bus,0.669,0.5093,0.5783,0.5362,0.4186
31,day,car,0.8154,0.7257,0.7679,0.7884,0.5176
31,day,motor,0.6231,0.3511,0.4492,0.4018,0.1988
31,day,person,0.699,0.5691,0.6274,0.6144,0.3178
31,day,rider,0.7304,0.3679,0.4893,0.4382,0.2321
31,day,traffic light,0.7498,0.5501,0.6346,0.6257,0.2652
31,day,traffic sign,0.727,0.5549,0.6294,0.619,0.3333
31,day,truck,0.6449,0.5271,0.5801,0.5614,0.4112
31,night,bike,0.58,0.5,0.5371,0.4695,0.259
31,night,bus,0.5655,0.5123,0.5376,0.4882,0.383
31,night,car,0.7064,0.7165,0.7115,0.7492,0.4312
31,night,motor,0.5633,0.3462,0.4288,0.3563,0.1734
31,night,person,0.6523,0.5342,0.5874,0.5707,0.2759
31,night,rider,0.6003,0.4507,0.5149,0.4495,0.23
31,night,traffic light,0.6522,0.5655,0.6058,0.567,0.193
31,night,traffic sign,0.7046,0.6391,0.6703,0.6797,0.3622
31,night,truck,0.6324,0.4747,0.5424,0.4923,0.3591
32,day,bike,0.6142,0.3986,0.4834,0.462,0.2369
32,day,bus,0.7035,0.5031,0.5866,0.5324,0.419
32,day,car,0.8103,0.7288,0.7674,0.7889,0.5175
32,day,motor,0.6423,0.3511,0.4541,0.3934,0.1959
32,day,person,0.7042,0.5652,0.6271,0.6168,0.3192
32,day,rider,0.7317,0.3731,0.4942,0.4441,0.2367
32,day,traffic light,0.7499,0.5517,0.6357,0.6251,0.2656
32,day,traffic sign,0.7169,0.5575,0.6272,0.6157,0.3324
32,day,truck,0.6366,0.5408,0.5848,0.5556,0.4093
32,night,bike,0.6158,0.4762,0.5371,0.4645,0.2541
32,night,bus,0.5687,0.463,0.5104,0.4793,0.3702
32,night,car,0.7595,0.6905,0.7233,0.7502,0.4315
32,night,motor,0.5927,0.3079,0.4053,0.3643,0.1717
32,night,person,0.7143,0.4995,0.5879,0.5633,0.2754
32,night,rider,0.6809,0.3944,0.4994,0.4561,0.2235
32,night,traffic light,0.6958,0.5238,0.5977,0.5673,0.1945
32,night,traffic sign,0.7369,0.6089,0.6668,0.6785,0.3623
32,night,truck,0.6288,0.4722,0.5394,0.498,0.3599
33,day,bike,0.6028,0.4057,0.485,0.4607,0.2386
33,day,bus,0.6912,0.4948,0.5767,0.5335,0.4195
33,day,car,0.7972,0.7352,0.7649,0.788,0.5174
33,day,motor,0.6358,0.374,0.471,0.4068,0.2032
33,day,person,0.6839,0.5752,0.6249,0.6164,0.319
33,day,rider,0.6385,0.4041,0.495,0.4464,0.2342
33,day,traffic light,0.7402,0.5597,0.6374,0.626,0.2658
33,day,traffic sign,0.6986,0.5758,0.6313,0.6174,0.3333
33,day,truck,0.6048,0.554,0.5783,0.5595,0.4104
33,night,bike,0.601,0.5,0.5459,0.451,0.2468
33,night,bus,0.5672,0.4692,0.5136,0.4719,0.3676
33,night,car,0.7347,0.7036,0.7188,0.7488,0.4311
33,night,motor,0.6204,0.3462,0.4444,0.3626,0.1718
33,night,person,0.6863,0.5134,0.5874,0.5687,0.2743
33,night,rider,0.5651,0.4366,0.4926,0.4511,0.2201
33,night,traffic light,0.6799,0.5365,0.5997,0.5633,0.1924
33,night,traffic sign,0.719,0.6248,0.6686,0.6777,0.3615
33,night,truck,0.6224,0.5025,0.5561,0.5016,0.3624
34,day,bike,0.5806,0.4164,0.485,0.4575,0.2335
34,day,bus,0.7187,0.4783,0.5743,0.5328,0.416
34,day,car,0.8153,0.7279,0.7691,0.789,0.5176
34,day,motor,0.6131,0.3588,0.4527,0.3987,0.2008
34,day,person,0.7117,0.5627,0.6285,0.6131,0.3163
34,day,rider,0.6897,0.399,0.5055,0.4468,0.2333
34,day,traffic light,0.7583,0.5437,0.6333,0.6264,0.2656
34,day,traffic sign,0.7168,0.5572,0.627,0.6145,0.3307
34,day,truck,0.6502,0.5225,0.5794,0.5547,0.409
34,night,bike,0.5485,0.5119,0.5296,0.4525,0.2464
34,night,bus,0.5788,0.463,0.5144,0.4766,0.3725
34,night,car,0.7428,0.7007,0.7212,0.7493,0.431
34,night,motor,0.58,0.3269,0.4182,0.361,0.1677
34,night,person,0.689,0.502,0.5808,0.5606,0.2716
34,night,rider,0.6099,0.4507,0.5184,0.4516,0.2268
34,night,traffic light,0.6827,0.534,0.5993,0.5645,0.1925
34,night,traffic sign,0.7273,0.6165,0.6674,0.6766,0.3609
34,night,truck,0.6424,0.4673,0.541,0.4981,0.3618
35,day,bike,0.6219,0.4057,0.491,0.4575,0.237
35,day,bus,0.7261,0.4783,0.5767,0.5326,0.4193
35,day,car,0.8373,0.7127,0.77,0.7896,0.5186
35,day,motor,0.632,0.3588,0.4577,0.4043,0.2024
35,day,person,0.7386,0.55,0.6305,0.618,0.3178
35,day,rider,0.7484,0.3731,0.4979,0.4476,0.2364
35,day,traffic light,0.7752,0.5369,0.6344,0.6293,0.2664
35,day,traffic sign,0.7326,0.5443,0.6246,0.6139,0.3314
35,day,truck,0.6382,0.5218,0.5742,0.5563,0.4077
35,night,bike,0.5631,0.5,0.5297,0.447,0.249
35,night,bus,0.5584,0.4753,0.5135,0.472,0.3682
35,night,car,0.7286,0.7067,0.7175,0.7499,0.4314
35,night,motor,0.5999,0.3461,0.4389,0.374,0.1664
35,night,person,0.6726,0.5094,0.5797,0.5621,0.2715
35,night,rider,0.6157,0.4366,0.5109,0.4474,0.2316
35,night,traffic light,0.6658,0.5515,0.6033,0.5666,0.1931
35,night,traffic sign,0.7091,0.6329,0.6688,0.6757,0.361
35,night,truck,0.6203,0.5051,0.5568,0.5088,0.3674
36,day,bike,0.6335,0.4128,0.4999,0.4538,0.2359
36,day,bus,0.708,0.4969,0.5839,0.5324,0.4174
36,day,car,0.8182,0.7254,0.769,0.7899,0.5184
36,day,motor,0.6375,0.3588,0.4591,0.4151,0.2093
36,day,person,0.7183,0.558,0.6281,0.6144,0.3162
36,day,rider,0.6975,0.3731,0.4861,0.4355,0.2349
36,day,traffic light,0.7563,0.5457,0.634,0.6274,0.265
36,day,traffic sign,0.7206,0.5527,0.6256,0.6147,0.3317
36,day,truck,0.6316,0.5414,0.583,0.5572,0.4081
36,night,bike,0.5812,0.5,0.5375,0.4434,0.2394
36,night,bus,0.558,0.463,0.5061,0.4755,0.3712
36,night,car,0.7338,0.7017,0.7174,0.7481,0.4307
36,night,motor,0.663,0.3462,0.4548,0.352,0.1572
36,night,person,0.6926,0.5007,0.5812,0.5642,0.2725
36,night,rider,0.5794,0.4268,0.4915,0.4386,0.2214
36,night,traffic light,0.6795,0.5394,0.6014,0.5647,0.1933
36,night,traffic sign,0.7203,0.6181,0.6653,0.6768,0.3611
36,night,truck,0.6212,0.5051,0.5571,0.5131,0.3708
37,day,bike,0.6262,0.4057,0.4924,0.4543,0.2342
37,day,bus,0.6968,0.4853,0.5722,0.5374,0.4204
37,day,car,0.8329,0.7159,0.77,0.7892,0.5182
37,day,motor,0.6719,0.3511,0.4612,0.3973,0.2048
37,day,person,0.7302,0.5523,0.629,0.6163,0.3177
37,day,rider,0.7696,0.3679,0.4978,0.4338,0.2351
37,day,traffic light,0.7657,0.5383,0.6322,0.6259,0.2646
37,day,traffic sign,0.7305,0.5483,0.6264,0.6143,0.3314
37,day,truck,0.6513,0.5276,0.583,0.5581,0.4065
37,night,bike,0.5985,0.4969,0.543,0.4439,0.2402
37,night,bus,0.5707,0.5062,0.5365,0.472,0.3729
37,night,car,0.7329,0.7036,0.718,0.7488,0.4309
37,night,motor,0.6233,0.3184,0.4215,0.35,0.1565
37,night,person,0.6795,0.508,0.5814,0.5651,0.2722
37,night,rider,0.5931,0.4085,0.4837,0.4218,0.2181
37,night,traffic light,0.674,0.5436,0.6018,0.5629,0.1924
37,night,traffic sign,0.7142,0.6287,0.6687,0.6775,0.3615
37,night,truck,0.6214,0.4924,0.5494,0.5026,0.3664
